epoch,loss,lr,time_s
1,5.371075,0.00587629,50.28
2,5.065167,0.01187629,36.28
3,5.037517,0.01787629,36.25
4,5.023364,0.02387629,36.25
5,5.014105,0.02987629,36.25
6,5.005793,0.03587629,36.21
7,4.999488,0.04187629,36.25
8,4.994245,0.04787629,36.26
9,4.990766,0.05387629,36.20
10,4.986747,0.05987629,36.23
11,4.983827,0.05999607,36.22
12,4.979969,0.05998393,36.19
13,4.977472,0.05996360,36.22
14,4.975463,0.05993508,36.23
15,4.973952,0.05989838,36.20
16,4.972107,0.05985350,36.19
17,4.971149,0.05980046,36.20
18,4.969769,0.05973927,36.19
19,4.969228,0.05966995,36.18
20,4.967621,0.05959252,36.19
21,4.966853,0.05950792,36.19
22,4.966531,0.05941442,36.20
23,4.965923,0.05931287,36.20
24,4.965817,0.05920331,36.19
25,4.965080,0.05908577,36.50
26,4.964806,0.05896028,36.18
27,4.964359,0.05882686,36.19
28,4.964202,0.05868557,36.18
29,4.963747,0.05853643,36.18
30,4.963239,0.05837949,36.20
31,4.962937,0.05821480,36.17
32,4.963139,0.05804239,36.17
33,4.962335,0.05786231,36.17
34,4.961839,0.05767462,36.18
35,4.961361,0.05747936,36.16
36,4.961368,0.05727659,36.16
37,4.960996,0.05706636,36.18
38,4.960759,0.05684873,36.19
39,4.960656,0.05662376,36.17
40,4.960465,0.05639151,36.18
41,4.960332,0.05615205,36.18
42,4.960441,0.05590801,36.18
43,4.960348,0.05565439,36.20
44,4.959872,0.05539375,36.21
45,4.959972,0.05512618,36.19
46,4.959989,0.05485173,36.19
47,4.959461,0.05457049,36.20
48,4.959430,0.05428253,36.20
49,4.959401,0.05398793,36.19
50,4.958978,0.05368677,36.19
51,4.958824,0.05337914,36.21
52,4.958641,0.05306512,36.18
53,4.958891,0.05274479,36.19
54,4.958866,0.05241824,36.22
55,4.958986,0.05208557,36.18
56,4.958247,0.05174685,36.19
57,4.958577,0.05140219,36.19
58,4.958289,0.05105168,36.20
59,4.958182,0.05069542,36.18
60,4.957775,0.05033349,36.20
61,4.957869,0.04996601,36.17
62,4.957843,0.04959694,36.18
63,4.957602,0.04921870,36.20
64,4.957592,0.04883520,36.21
65,4.957668,0.04844655,36.17
66,4.957756,0.04805286,36.20
67,4.957628,0.04765424,36.21
68,4.957522,0.04725079,36.17
69,4.957750,0.04684262,36.19
70,4.957201,0.04642984,36.18
71,4.957185,0.04601258,36.18
72,4.956896,0.04559094,36.15
73,4.956606,0.04516503,36.18
74,4.957439,0.04473498,36.18
75,4.957253,0.04430090,36.48
76,4.956553,0.04386292,36.16
77,4.956468,0.04342114,36.17
78,4.956644,0.04297569,36.16
79,4.956414,0.04252669,36.18
80,4.957145,0.04207427,36.18
81,4.956595,0.04161855,36.16
82,4.956815,0.04115966,36.16
83,4.956025,0.04070249,36.18
84,4.955776,0.04023764,36.19
85,4.955739,0.03977000,36.16
86,4.956246,0.03929969,36.20
87,4.956607,0.03882683,36.20
88,4.956636,0.03835156,36.17
89,4.955847,0.03787401,36.18
90,4.955301,0.03739430,36.19
91,4.955197,0.03691258,36.17
92,4.955786,0.03642896,36.17
93,4.955687,0.03594359,36.18
94,4.955797,0.03545659,36.19
95,4.955302,0.03496810,36.15
96,4.954881,0.03447825,36.18
97,4.954790,0.03398718,36.17
98,4.954688,0.03349501,36.16
99,4.954483,0.03300190,36.18
100,4.954302,0.03250796,36.18
101,4.954380,0.03201333,36.18
102,4.954250,0.03151816,36.17
103,4.954220,0.03102257,36.20
104,4.954091,0.03053181,36.18
105,4.954103,0.03003580,36.18
106,4.954011,0.02953977,36.20
107,4.953749,0.02904388,36.19
108,4.953706,0.02854824,36.17
109,4.953884,0.02805300,36.21
110,4.953682,0.02755830,36.19
111,4.954117,0.02706426,36.18
112,4.954344,0.02657102,36.20
113,4.954354,0.02607872,36.20
114,4.953469,0.02558749,36.19
115,4.953459,0.02509747,36.17
116,4.953203,0.02460879,36.18
117,4.953092,0.02412159,36.19
118,4.953024,0.02363599,36.16
119,4.953012,0.02315213,36.19
120,4.952905,0.02267014,36.18
121,4.952804,0.02219016,36.18
122,4.952633,0.02171231,36.20
123,4.952567,0.02123673,36.19
124,4.952447,0.02076841,36.19
125,4.952354,0.02029772,36.51
126,4.952271,0.01982968,36.20
127,4.952207,0.01936443,36.22
128,4.952111,0.01890208,36.21
129,4.951985,0.01844277,36.20
130,4.951984,0.01798661,36.21
131,4.951932,0.01753374,36.19
132,4.952045,0.01708428,36.19
133,4.951964,0.01663835,36.18
134,4.951766,0.01619607,36.18
135,4.951748,0.01575757,36.20
136,4.951685,0.01532296,36.21
137,4.951693,0.01489236,36.19
138,4.951629,0.01446590,36.19
139,4.951381,0.01404368,36.20
140,4.951392,0.01362582,36.20
141,4.951358,0.01321244,36.17
142,4.951219,0.01280365,36.19
143,4.951141,0.01239956,36.18
144,4.951098,0.01200028,36.18
145,4.951009,0.01160996,36.20
146,4.951001,0.01122058,36.19
147,4.951006,0.01083633,37.54
148,4.950897,0.01045732,37.12
149,4.950855,0.01008366,37.30
150,4.950792,0.00971544,36.21
151,4.950796,0.00935276,36.21
152,4.950677,0.00899573,36.20
153,4.950749,0.00864445,36.19
154,4.950648,0.00829900,36.17
155,4.950558,0.00795948,36.20
156,4.950548,0.00762599,36.21
157,4.950487,0.00729862,36.19
158,4.950425,0.00697745,36.19
159,4.950367,0.00666257,36.20
160,4.950363,0.00635408,36.21
161,4.950282,0.00605205,36.18
162,4.950269,0.00575657,36.20
163,4.950212,0.00546772,36.19
164,4.950178,0.00518557,36.19
165,4.950125,0.00491301,36.20
166,4.950108,0.00464444,36.21
167,4.950068,0.00438280,36.20
168,4.950046,0.00412816,36.22
169,4.950031,0.00388059,36.22
170,4.949989,0.00364016,36.21
171,4.949946,0.00340695,36.22
172,4.949970,0.00318100,36.22
173,4.949870,0.00296238,36.24
174,4.949858,0.00275116,36.20
175,4.949882,0.00254738,36.52
176,4.949792,0.00235111,36.22
177,4.949801,0.00216240,36.20
178,4.949807,0.00198130,36.23
179,4.949777,0.00180786,36.22
180,4.949749,0.00164213,36.20
181,4.949731,0.00148415,36.22
182,4.949739,0.00133396,36.23
183,4.949709,0.00119162,36.21
184,4.949727,0.00105715,36.21
185,4.949671,0.00093059,36.22
186,4.949623,0.00081316,36.23
187,4.949647,0.00070245,36.20
188,4.949640,0.00059974,36.22
189,4.949591,0.00050507,36.23
190,4.949608,0.00041847,36.22
191,4.949596,0.00033996,36.22
192,4.949623,0.00026955,36.24
193,4.949616,0.00020727,36.22
194,4.949605,0.00015314,36.22
195,4.949630,0.00010716,36.22
196,4.949607,0.00006936,36.22
197,4.949570,0.00003974,36.19
198,4.949547,0.00001831,36.24
199,4.949610,0.00000508,36.24
200,4.949555,0.00000005,36.22
